description,total_score,atom_pair_constraint,dslf_fa13,fa_atr,fa_dun,fa_elec,fa_intra_rep,fa_intra_sol_xover4,fa_rep,fa_sol,hbond_bb_sc,hbond_lr_bb,hbond_sc,hbond_sr_bb,lk_ball_wtd,omega,p_aa_pp,pro_close,rama_prepro,ref,yhh_planarity,rmsd
C3_refined_H3head_topo18_831_design_00001_V48M_0001-aligned_0001.pdb,-501.362,0.000,0.000,-902.992,184.522,-281.107,1.797,28.547,111.518,550.348,-17.084,-39.589,-26.730,-60.046,-21.059,13.606,-37.719,0.837,-15.018,8.595,0.215,6.5947675704956055
H3head_topo18_831_design_00001_0001-aligned_0001.pdb,-448.978,0.000,0.000,-903.607,184.330,-271.414,1.777,29.006,125.434,545.718,-18.025,-39.219,-24.245,-57.295,-18.003,21.663,-38.391,1.154,2.306,9.580,0.253,7.663976669311523
C5_refined_H3head_topo18_831_design_00001_F109N_0001-aligned_0001.pdb,-473.801,0.000,0.408,-868.937,182.656,-258.117,1.748,27.163,113.184,522.598,-18.266,-34.671,-21.989,-55.968,-25.033,13.432,-35.983,0.868,-23.942,7.022,0.028,7.413156032562256
C2_refined_H3head_topo18_831_design_00001_K73G_0001-aligned_0001.pdb,-503.928,0.000,0.676,-887.963,183.543,-271.185,1.721,28.793,110.970,538.179,-19.971,-39.502,-27.303,-56.164,-21.831,13.868,-44.639,0.415,-24.941,11.093,0.314,6.5870442390441895
H3head_topo17_118_design_00002_0001-aligned_0001.pdb,-476.004,0.000,0.000,-906.343,188.787,-265.768,1.825,30.792,117.965,521.875,-24.063,-36.193,-20.612,-55.886,-22.768,16.886,-43.000,2.526,-10.084,27.853,0.205,8.958560943603516
C3_refined_H3head_topo02_149_design_00001_S108T_0001-aligned_0001.pdb,-497.360,0.000,-1.005,-844.527,163.665,-294.468,1.653,27.270,103.409,514.353,-21.561,-69.891,-34.684,-32.993,-16.258,11.449,-44.257,0.456,-4.737,44.573,0.192,4.676516532897949
C2_refined_H3head_topo17_118_design_00002_G44E_0001-aligned_0001.pdb,-501.937,0.000,0.000,-920.315,187.930,-271.795,1.863,29.778,122.457,529.367,-27.930,-33.778,-20.888,-56.479,-21.901,13.099,-43.989,1.491,-15.323,24.330,0.145,9.021538734436035
C3_refined_H3head_topo17_118_design_00002_CC_126_150_0001-aligned_0001.pdb,-459.961,0.000,0.000,-905.631,187.150,-261.089,1.791,27.628,122.316,501.107,-21.949,-35.647,-19.885,-52.476,-19.616,19.234,-34.308,2.767,-8.616,37.182,0.081,9.018623352050781
H3head_topo11_130_design_00001_0001-aligned_0001.pdb,-506.785,0.000,0.000,-870.739,158.901,-278.734,1.671,24.280,112.694,488.529,-15.894,-59.995,-13.185,-45.452,-23.649,19.052,-45.952,1.552,-17.092,57.220,0.008,7.740792274475098
C4_refined_H3head_topo23_376_design_00002_G114D_0001-aligned_0001.pdb,-502.621,0.000,-0.870,-915.223,183.995,-300.190,1.886,29.115,110.983,555.822,-26.852,-49.470,-26.259,-47.423,-20.558,17.232,-39.819,1.555,-13.571,36.130,0.897,5.847352504730225
C4_refined_H3head_topo10_596_design_00005_L132M_0001-aligned_0001.pdb,-509.168,0.000,-0.295,-916.574,194.686,-306.647,1.616,27.731,108.026,573.716,-24.287,-43.374,-29.133,-61.387,-14.702,12.660,-34.892,0.867,-12.178,14.937,0.062,2.927541971206665
C5_refined_H3head_topo09_410_design_00005_F95P_0001-aligned_0001.pdb,-497.398,0.000,1.443,-870.680,153.355,-278.761,1.728,24.646,116.331,497.331,-18.127,-65.807,-37.140,-46.340,-15.390,17.785,-45.229,2.926,-1.680,66.173,0.040,9.777719497680664
H3head_topo23_241_design_00001_0001-aligned_0001.pdb,-546.788,0.000,-0.894,-949.309,196.796,-302.946,1.899,30.971,122.316,562.173,-22.955,-57.260,-25.757,-46.903,-26.226,12.884,-40.789,0.982,-21.839,19.945,0.122,2.679785966873169
C2_refined_H3head_topo23_241_design_00001_CC_38_162_0001-aligned_0001.pdb,-556.725,0.000,0.000,-948.123,198.562,-324.471,1.960,33.978,116.459,563.339,-22.920,-57.240,-24.270,-49.201,-23.808,11.097,-39.322,1.074,-19.387,25.508,0.040,2.4621875286102295
H3head_topo23_376_design_00002_0001-aligned_0001.pdb,-493.207,0.000,0.000,-904.656,184.684,-314.974,1.875,29.261,111.285,552.757,-27.375,-47.526,-26.296,-50.354,-22.617,17.770,-38.677,1.954,-0.525,39.073,1.133,5.374207019805908
C3_refined_H3head_topo23_241_design_00001_A139F_0001-aligned_0001.pdb,-566.329,0.000,0.000,-956.048,197.601,-316.945,1.970,32.225,112.894,567.677,-23.013,-58.938,-27.851,-47.235,-22.761,14.843,-41.442,0.689,-20.050,19.839,0.214,2.27512264251709
H3head_topo23_241_design_00003_0001-aligned_0001.pdb,-506.890,0.000,-0.583,-918.674,179.297,-283.976,1.835,30.713,113.007,534.772,-22.962,-53.905,-34.477,-46.743,-19.869,13.139,-41.458,0.901,-20.478,62.408,0.163,6.730754852294922
C2_refined_H3head_topo23_241_design_00003_V92M_0001-aligned_0001.pdb,-522.656,0.000,-0.789,-939.174,185.359,-286.413,1.848,28.539,109.835,540.515,-23.937,-55.773,-32.003,-48.669,-20.267,14.131,-42.145,1.167,-16.639,61.423,0.337,6.958983898162842
C5_refined_H3head_topo09_410_design_00005_Y29I_0001-aligned_0001.pdb,-488.007,0.000,0.193,-884.059,158.614,-266.645,1.840,26.455,117.340,506.045,-22.222,-60.143,-31.218,-44.845,-16.866,13.861,-44.683,1.062,-13.519,70.756,0.028,7.585571765899658
C3_refined_H3head_topo11_130_design_00001_CC_10_65_0001-aligned_0001.pdb,-510.500,0.000,0.000,-869.287,153.820,-284.021,1.640,23.677,116.183,494.591,-20.580,-63.251,-15.641,-43.359,-21.964,16.291,-46.821,2.069,-16.111,62.183,0.081,7.6971588134765625
C1_refined_H3head_topo16_51_design_00004_CC_4_110_0001-aligned_0001.pdb,-575.316,0.000,0.260,-984.722,193.049,-302.486,2.018,32.551,120.413,545.342,-22.878,-73.257,-25.463,-36.581,-18.819,16.813,-51.157,0.992,-18.863,46.939,0.534,3.3592100143432617
C2_refined_H3head_topo01_648_design_00002_CC_3_33_Mut_104_M_CC_73_118_Mut_174_T_Mut_124_V__0001-aligned_0001.pdb,-564.531,0.000,-1.055,-992.538,177.090,-303.443,1.807,27.818,116.773,575.742,-26.635,-53.652,-18.466,-71.619,-16.656,15.241,-43.483,0.550,-13.279,61.256,0.019,2.6248998641967773
H3head_topo02_149_design_00001_0001-aligned_0001.pdb,-470.633,0.000,-0.820,-852.624,168.320,-301.088,1.720,27.007,106.644,524.339,-22.320,-70.049,-36.220,-29.794,-15.938,18.738,-41.991,0.873,8.870,43.131,0.567,5.063961982727051
C2_refined_H3head_topo23_376_design_00002_CC_113_141_0001-aligned_0001.pdb,-488.728,0.000,0.000,-918.727,189.452,-291.246,1.861,26.857,118.296,545.746,-29.653,-48.828,-24.561,-45.593,-24.429,15.842,-38.240,2.022,-14.543,46.577,0.438,3.622096300125122
H3head_topo01_648_design_00002_0001-aligned_0001.pdb,-543.445,0.000,-0.989,-990.446,185.135,-291.474,1.832,28.774,125.662,568.639,-19.453,-50.915,-15.056,-69.284,-24.319,17.534,-40.813,0.642,-13.916,44.986,0.015,3.465465784072876
C3_refined_H3head_topo07_723_design_00001_CC_2_98_CC_67_93_Mut_27_A_Mut_31_M_Mut_85_F__0001-aligned_0001.pdb,-547.714,0.000,0.000,-1010.839,186.854,-301.504,1.774,29.861,122.890,582.163,-19.208,-52.749,-28.382,-68.210,-23.279,17.388,-41.257,0.807,-23.860,79.777,0.060,2.6069045066833496
C3_refined_H3head_topo23_241_design_00003_I130F_0001-aligned_0001.pdb,-536.431,0.000,-0.689,-932.463,186.375,-293.440,1.928,29.238,115.126,529.355,-30.820,-55.099,-28.509,-48.239,-20.137,9.918,-42.849,0.801,-19.090,61.323,0.841,6.456875801086426
C2_refined_H3head_topo11_506_design_00001_P122S_0001-aligned_0001.pdb,-550.056,0.000,-1.122,-996.726,220.452,-337.557,1.951,31.258,123.055,626.306,-25.049,-45.233,-31.284,-58.710,-24.853,14.473,-35.361,0.415,-22.129,9.826,0.231,5.056740760803223
H3head_topo09_410_design_00005_0001-aligned_0001.pdb,-478.217,0.000,0.972,-859.944,155.488,-267.606,1.732,26.652,115.450,493.328,-14.445,-57.793,-35.050,-46.746,-16.304,12.897,-47.422,2.969,-11.684,69.035,0.254,9.518997192382812
C3_refined_H3head_topo09_482_design_00001_CC_91_133_0001-aligned_0001.pdb,-490.415,0.000,-0.828,-896.483,195.938,-302.048,1.882,30.522,115.536,549.087,-29.980,-75.689,-23.427,-28.692,-22.661,14.534,-41.297,0.667,-3.074,25.263,0.335,9.211053848266602
C3_refined_H3head_topo07_723_design_00004_CC_29_153_0001-aligned_0001.pdb,-553.235,0.000,0.000,-1005.561,191.259,-305.847,2.033,31.096,127.469,581.632,-29.210,-51.720,-32.769,-59.426,-21.241,17.092,-45.219,1.504,-20.609,65.927,0.353,3.5193324089050293
C1_refined_H3head_topo16_51_design_00004_A111P_0001-aligned_0001.pdb,-594.744,0.000,0.000,-990.731,197.782,-306.281,1.989,31.716,123.185,551.655,-27.800,-70.289,-29.389,-40.098,-20.094,17.949,-52.795,0.997,-19.578,36.062,0.977,3.3099441528320312
H3head_topo09_482_design_00001_0001-aligned_0001.pdb,-480.984,0.000,0.000,-922.950,208.244,-302.616,2.060,32.507,117.962,560.862,-31.866,-75.198,-19.871,-28.776,-16.785,14.678,-40.162,0.602,0.611,19.241,0.473,10.61833667755127
C3_refined_H3head_topo01_648_design_00002_CC_2_92_CC_101_171_Mut_156_M_Mut_43_D_Mut_120_V__0001-aligned_0001.pdb,-545.097,0.000,-0.987,-999.026,181.979,-303.172,1.835,28.053,120.291,572.525,-29.545,-51.360,-13.755,-67.820,-23.901,19.757,-36.467,0.771,-4.706,60.408,0.027,3.6506972312927246
H3head_topo11_506_design_00001_0001-aligned_0001.pdb,-524.443,0.000,-0.578,-970.073,217.483,-357.037,1.959,31.745,126.940,627.565,-25.824,-44.543,-27.256,-60.797,-22.462,18.035,-35.948,0.358,-12.490,8.472,0.007,4.128139972686768
H3head_topo10_596_design_00005_0001-aligned_0001.pdb,-527.380,0.000,0.000,-905.883,194.388,-303.778,1.643,27.510,108.991,552.880,-24.787,-44.807,-25.427,-59.726,-16.390,13.434,-35.519,0.741,-25.635,14.942,0.044,3.887817621231079
H3head_topo07_723_design_00004_0001-aligned_0001.pdb,-546.115,0.000,0.475,-997.361,190.398,-310.008,1.980,31.223,120.858,585.057,-18.880,-46.771,-37.492,-65.103,-17.773,15.450,-42.045,0.855,-18.723,61.721,0.024,4.260446071624756
C2_refined_H3head_topo11_506_design_00001_CC_137_168_0001-aligned_0001.pdb,-532.713,0.000,-0.720,-988.361,220.269,-338.343,1.888,30.831,125.920,617.424,-21.861,-46.413,-31.196,-62.268,-23.573,17.064,-36.362,0.663,-16.109,18.421,0.014,5.359396457672119
C4_refined_H3head_topo07_723_design_00004_P23K_0001-aligned_0001.pdb,-556.394,0.000,1.553,-1007.798,188.035,-315.703,1.969,33.188,126.706,595.963,-24.287,-45.033,-36.152,-66.247,-19.972,16.085,-43.980,0.349,-23.842,62.650,0.123,2.982670783996582
C1_refined_H3head_topo16_51_design_00004_L107T_0001-aligned_0001.pdb,-577.250,0.000,0.794,-970.147,193.284,-306.886,1.995,32.562,119.483,549.207,-23.787,-72.278,-29.414,-36.555,-17.866,16.750,-52.316,1.081,-22.168,38.520,0.492,3.8297030925750732
H3head_topo16_51_design_00004_0001-aligned_0001.pdb,-560.699,0.000,0.000,-984.777,204.520,-304.697,2.021,30.868,120.936,552.329,-12.679,-68.363,-34.018,-39.557,-21.443,17.119,-49.269,1.411,-14.760,39.030,0.629,3.746218204498291
C5_refined_H3head_topo07_723_design_00001_S152G_0001-aligned_0001.pdb,-535.756,0.000,1.182,-1007.061,182.496,-299.362,1.841,30.536,134.732,587.487,-19.418,-54.718,-28.018,-63.591,-22.723,22.085,-48.309,0.586,-19.871,66.267,0.101,4.481778144836426
H3head_topo07_723_design_00001_0001-aligned_0001.pdb,-536.088,0.000,0.040,-992.629,197.261,-309.247,2.061,31.452,122.566,585.051,-29.120,-52.118,-39.287,-62.554,-19.140,25.972,-43.090,0.928,-19.473,65.179,0.059,3.079033136367798
