description,total_score,score,dslf_fa13,fa_atr,fa_dun,fa_elec,fa_intra_rep,fa_intra_sol_xover4,fa_rep,fa_sol,hbond_bb_sc,hbond_lr_bb,hbond_sc,hbond_sr_bb,linear_chainbreak,lk_ball_wtd,omega,overlap_chainbreak,p_aa_pp,pro_close,rama_prepro,ref,time,yhh_planarity,rmsd
C1_refined_H3head_topo16_51_design_00004_A111P_0001-aligned_0001.pdb,-578.153,-578.153,0.000,-990.750,202.557,-306.352,2.020,32.472,125.324,552.371,-25.357,-71.191,-25.283,-40.109,0.000,-20.614,19.091,0.000,-51.355,0.936,-18.942,36.062,4.000,0.968,3.2843892574310303
C1_refined_H3head_topo16_51_design_00004_CC_4_110_0001-aligned_0001.pdb,-572.783,-572.783,0.177,-987.367,196.056,-303.207,2.024,32.893,120.797,547.138,-21.242,-73.438,-26.100,-36.704,0.000,-19.051,17.363,0.000,-51.323,0.978,-19.219,46.939,0.000,0.504,3.3478150367736816
C1_refined_H3head_topo16_51_design_00004_L107T_0001-aligned_0001.pdb,-575.705,-575.705,0.675,-974.087,192.504,-305.754,2.003,32.549,119.981,550.964,-23.711,-72.552,-26.571,-36.891,0.000,-18.124,16.929,0.000,-51.734,1.053,-22.066,38.520,1.000,0.606,3.8144114017486572
C2_refined_H3head_topo01_648_design_00002_CC_3_33_Mut_104_M_CC_73_118_Mut_174_T_Mut_124_V__0001-aligned_0001.pdb,-560.332,-560.332,-1.037,-990.671,177.195,-300.219,1.810,27.792,116.480,572.656,-24.685,-53.616,-17.657,-71.655,0.000,-17.344,15.035,0.000,-43.365,0.526,-12.851,61.256,0.000,0.019,2.5843007564544678
C2_refined_H3head_topo11_506_design_00001_CC_137_168_0001-aligned_0001.pdb,-518.708,-518.708,-0.735,-983.560,225.985,-338.795,1.875,31.317,123.969,619.087,-22.111,-46.065,-24.658,-62.277,0.000,-23.422,18.375,0.000,-37.198,0.527,-19.458,18.421,0.000,0.015,5.390646457672119
C2_refined_H3head_topo11_506_design_00001_P122S_0001-aligned_0001.pdb,-544.305,-544.305,-1.095,-990.639,217.829,-330.931,1.978,31.283,121.286,620.657,-24.384,-45.593,-28.600,-58.312,0.000,-25.089,13.605,0.000,-34.597,0.300,-21.898,9.826,1.000,0.069,4.913434028625488
C2_refined_H3head_topo17_118_design_00002_G44E_0001-aligned_0001.pdb,-490.391,-490.391,0.000,-917.138,191.697,-276.009,1.890,30.347,122.203,533.579,-26.986,-33.512,-21.319,-56.871,0.000,-19.941,14.143,0.000,-43.316,1.338,-15.038,24.330,0.000,0.210,8.977753639221191
C2_refined_H3head_topo18_831_design_00001_K73G_0001-aligned_0001.pdb,-490.110,-490.109,0.828,-880.319,186.725,-263.066,1.714,28.005,105.820,533.584,-16.934,-37.778,-23.733,-55.683,0.000,-23.632,12.807,0.000,-43.880,0.415,-26.146,11.093,0.000,0.069,6.529402256011963
C2_refined_H3head_topo23_241_design_00001_CC_38_162_0001-aligned_0001.pdb,-551.750,-551.750,0.000,-942.576,197.123,-315.336,1.940,33.057,116.224,554.460,-22.805,-57.443,-23.020,-48.849,0.000,-23.922,11.382,0.000,-38.758,1.026,-19.820,25.508,0.000,0.059,2.472256660461426
C2_refined_H3head_topo23_241_design_00003_V92M_0001-aligned_0001.pdb,-513.422,-513.422,-0.731,-939.075,192.229,-293.771,1.870,29.192,112.118,543.788,-25.418,-53.742,-32.635,-48.537,0.000,-18.739,15.509,0.000,-42.388,1.019,-15.881,61.423,0.000,0.348,6.894642353057861
C2_refined_H3head_topo23_376_design_00002_CC_113_141_0001-aligned_0001.pdb,-482.476,-482.476,0.000,-920.689,188.793,-289.217,1.865,26.959,118.555,549.142,-27.861,-49.502,-24.609,-45.087,0.000,-23.955,16.556,0.000,-37.690,1.970,-14.681,46.577,0.000,0.399,3.827136754989624
C3_refined_H3head_topo01_648_design_00002_CC_2_92_CC_101_171_Mut_156_M_Mut_43_D_Mut_120_V__0001-aligned_0001.pdb,-539.899,-539.899,-0.989,-996.250,183.777,-299.501,1.830,27.822,122.051,567.843,-27.919,-51.558,-14.040,-68.649,0.000,-24.786,21.870,0.000,-36.883,0.728,-5.755,60.408,0.000,0.102,3.6380605697631836
C3_refined_H3head_topo02_149_design_00001_S108T_0001-aligned_0001.pdb,-494.936,-494.936,-1.002,-845.789,163.919,-293.296,1.645,27.029,104.955,514.035,-21.236,-69.723,-35.797,-33.038,0.000,-15.811,12.086,0.000,-43.338,0.443,-4.800,44.573,1.000,0.208,4.663379192352295
C3_refined_H3head_topo07_723_design_00001_CC_2_98_CC_67_93_Mut_27_A_Mut_31_M_Mut_85_F__0001-aligned_0001.pdb,-546.427,-546.427,0.000,-1008.944,188.066,-301.795,1.780,29.656,122.399,581.755,-17.581,-52.563,-28.441,-68.714,0.000,-24.089,17.015,0.000,-41.145,0.805,-24.542,79.777,0.000,0.132,2.630194902420044
C3_refined_H3head_topo07_723_design_00004_CC_29_153_0001-aligned_0001.pdb,-551.749,-551.749,0.000,-1001.143,190.169,-302.662,2.053,30.901,126.084,577.522,-29.187,-51.927,-31.867,-59.298,0.000,-21.264,17.237,0.000,-45.052,1.479,-20.978,65.927,0.000,0.256,3.4752402305603027
C3_refined_H3head_topo09_482_design_00001_CC_91_133_0001-aligned_0001.pdb,-483.698,-483.698,-0.831,-896.770,198.482,-298.585,1.895,30.601,116.321,545.779,-29.945,-75.980,-19.009,-29.006,0.000,-23.657,14.561,0.000,-41.000,0.643,-2.949,25.263,1.000,0.490,9.240254402160645
C3_refined_H3head_topo11_130_design_00001_CC_10_65_0001-aligned_0001.pdb,-500.843,-500.843,0.000,-866.504,156.103,-280.243,1.640,23.966,114.299,490.583,-17.784,-61.767,-15.124,-43.110,0.000,-22.559,16.516,0.000,-45.989,2.171,-15.365,62.183,0.000,0.142,7.632824420928955
C3_refined_H3head_topo17_118_design_00002_CC_126_150_0001-aligned_0001.pdb,-457.607,-457.607,0.000,-904.152,186.173,-259.134,1.784,27.569,121.718,500.280,-21.184,-35.579,-19.899,-52.631,0.000,-19.306,20.343,0.000,-34.390,2.754,-9.229,37.182,0.000,0.096,9.031832695007324
C3_refined_H3head_topo18_831_design_00001_V48M_0001-aligned_0001.pdb,-496.340,-496.340,0.000,-901.109,186.693,-277.511,1.817,28.371,110.922,546.010,-16.224,-39.585,-24.133,-60.253,0.000,-21.754,13.310,0.000,-37.251,0.825,-15.277,8.595,1.000,0.211,6.602982521057129
C3_refined_H3head_topo23_241_design_00001_A139F_0001-aligned_0001.pdb,-563.396,-563.396,0.000,-955.596,199.733,-315.304,1.995,32.351,112.452,567.505,-22.751,-58.430,-28.683,-47.221,0.000,-22.878,14.622,0.000,-41.720,0.791,-20.277,19.839,0.000,0.176,2.2844860553741455
C3_refined_H3head_topo23_241_design_00003_I130F_0001-aligned_0001.pdb,-522.414,-522.414,-0.715,-928.186,190.516,-290.978,1.933,29.060,115.319,528.892,-29.373,-53.672,-26.908,-46.857,0.000,-20.133,10.061,0.000,-44.752,0.853,-19.149,61.323,0.000,0.350,6.422929286956787
C4_refined_H3head_topo07_723_design_00004_P23K_0001-aligned_0001.pdb,-548.750,-548.750,1.747,-1006.329,191.632,-312.233,1.976,32.142,126.617,596.895,-23.197,-45.476,-33.242,-65.023,0.000,-22.668,13.110,0.000,-43.831,0.381,-24.067,62.650,0.000,0.165,2.9954068660736084
C4_refined_H3head_topo10_596_design_00005_L132M_0001-aligned_0001.pdb,-497.655,-497.655,-0.373,-909.018,196.705,-301.832,1.621,27.891,108.631,567.223,-22.370,-43.685,-25.985,-60.943,0.000,-16.180,11.822,0.000,-34.365,0.810,-12.592,14.937,0.000,0.047,2.9507155418395996
C4_refined_H3head_topo23_376_design_00002_G114D_0001-aligned_0001.pdb,-498.038,-498.038,-0.826,-913.426,184.307,-298.265,1.880,29.028,110.303,555.389,-26.252,-49.841,-26.107,-46.889,0.000,-20.510,18.015,0.000,-40.052,1.691,-13.537,36.130,0.000,0.925,5.853928089141846
C5_refined_H3head_topo07_723_design_00001_S152G_0001-aligned_0001.pdb,-522.713,-522.713,1.273,-1002.462,183.582,-295.768,1.823,30.592,143.423,584.144,-19.257,-54.904,-26.409,-64.042,0.000,-24.122,20.852,0.000,-47.442,0.451,-20.827,66.267,0.000,0.114,4.593839645385742
C5_refined_H3head_topo09_410_design_00005_F95P_0001-aligned_0001.pdb,-489.084,-489.084,1.180,-868.442,154.967,-275.622,1.754,24.836,115.472,494.348,-17.065,-65.723,-35.150,-46.372,0.000,-15.342,18.442,0.000,-44.302,4.131,-2.409,66.173,1.000,0.040,9.802706718444824
C5_refined_H3head_topo09_410_design_00005_Y29I_0001-aligned_0001.pdb,-483.528,-483.529,0.326,-876.618,158.661,-261.620,1.792,24.327,116.204,497.639,-20.066,-60.235,-31.536,-45.166,0.000,-15.435,13.498,0.000,-43.804,1.101,-13.447,70.756,1.000,0.094,7.594501495361328
C5_refined_H3head_topo18_831_design_00001_F109N_0001-aligned_0001.pdb,-467.177,-467.177,0.419,-868.524,184.876,-251.793,1.759,27.526,113.592,519.005,-17.946,-34.596,-19.733,-56.268,0.000,-26.694,13.925,0.000,-36.525,0.741,-23.995,7.022,0.000,0.033,7.3695807456970215
H3head_topo01_648_design_00002_0001-aligned_0001.pdb,-536.915,-536.915,-0.993,-987.919,186.075,-286.072,1.852,28.150,123.457,567.211,-19.323,-50.473,-16.641,-69.011,0.000,-23.728,17.992,0.000,-40.637,0.568,-12.426,44.986,0.000,0.017,3.442950963973999
H3head_topo02_149_design_00001_0001-aligned_0001.pdb,-462.876,-462.876,-0.849,-848.357,168.130,-298.780,1.683,27.066,107.279,522.984,-20.693,-68.741,-35.506,-30.052,0.000,-15.977,17.896,0.000,-41.441,0.832,8.064,43.131,0.000,0.455,5.055649757385254
H3head_topo07_723_design_00001_0001-aligned_0001.pdb,-515.791,-515.792,0.148,-986.167,197.857,-305.621,1.977,31.319,119.865,586.730,-25.320,-52.581,-35.572,-63.015,0.000,-21.867,25.354,0.000,-44.103,0.848,-10.902,65.179,1.000,0.078,3.1727912425994873
H3head_topo07_723_design_00004_0001-aligned_0001.pdb,-541.792,-541.792,0.282,-998.596,191.070,-305.015,1.980,31.190,122.857,583.200,-19.655,-46.975,-36.947,-64.600,0.000,-18.397,15.113,0.000,-41.449,0.851,-18.494,61.721,0.000,0.072,4.087122440338135
H3head_topo09_410_design_00005_0001-aligned_0001.pdb,-470.552,-470.552,0.973,-860.043,159.189,-263.906,1.738,25.027,116.198,491.780,-14.464,-58.057,-30.223,-47.060,0.000,-15.880,12.243,0.000,-48.128,2.946,-12.013,69.035,0.000,0.092,9.52629280090332
H3head_topo09_482_design_00001_0001-aligned_0001.pdb,-467.633,-467.633,0.000,-911.358,210.834,-304.558,2.051,32.556,118.460,555.868,-31.148,-74.407,-17.384,-28.576,0.000,-17.137,16.029,0.000,-39.980,0.585,0.880,19.241,0.000,0.410,10.628401756286621
H3head_topo10_596_design_00005_0001-aligned_0001.pdb,-521.035,-521.035,0.000,-898.678,193.632,-298.029,1.631,27.355,108.752,549.168,-24.846,-44.836,-25.036,-59.158,0.000,-16.693,13.176,0.000,-35.904,0.671,-27.218,14.942,0.000,0.038,3.842893123626709
H3head_topo11_130_design_00001_0001-aligned_0001.pdb,-503.885,-503.885,0.000,-867.360,159.652,-277.645,1.687,24.597,111.422,488.617,-16.354,-60.527,-14.981,-45.260,0.000,-23.685,20.484,0.000,-46.061,1.527,-17.220,57.220,0.000,0.002,7.763874530792236
H3head_topo11_506_design_00001_0001-aligned_0001.pdb,-518.131,-518.131,-0.629,-966.352,216.647,-352.930,1.914,31.184,125.471,625.876,-26.250,-44.381,-25.064,-60.767,0.000,-22.298,17.286,0.000,-36.655,0.311,-9.972,8.472,0.000,0.008,4.273379325866699
H3head_topo16_51_design_00004_0001-aligned_0001.pdb,-555.365,-555.365,0.000,-982.674,203.971,-301.801,2.002,30.566,121.915,547.369,-12.777,-67.748,-32.078,-39.760,0.000,-19.193,16.954,0.000,-49.150,1.527,-14.190,39.030,1.000,0.671,3.6417322158813477
H3head_topo17_118_design_00002_0001-aligned_0001.pdb,-471.891,-471.891,0.000,-900.198,187.580,-265.737,1.818,29.952,118.028,519.981,-24.189,-36.564,-20.063,-55.703,0.000,-21.365,16.314,0.000,-42.546,2.469,-9.722,27.853,0.000,0.201,8.919730186462402
H3head_topo18_831_design_00001_0001-aligned_0001.pdb,-442.556,-442.556,0.000,-896.996,185.523,-269.555,1.786,29.279,122.111,544.132,-17.368,-39.617,-22.340,-57.766,0.000,-18.867,20.472,0.000,-37.436,1.200,3.055,9.580,0.000,0.253,7.328018665313721
H3head_topo23_241_design_00001_0001-aligned_0001.pdb,-545.107,-545.107,-0.867,-947.682,195.733,-301.121,1.894,30.815,121.838,559.093,-23.120,-57.290,-23.414,-46.895,0.000,-25.844,13.236,0.000,-40.841,1.018,-21.634,19.945,1.000,0.031,2.661810874938965
H3head_topo23_241_design_00003_0001-aligned_0001.pdb,-498.848,-498.848,-0.667,-913.842,180.471,-277.657,1.818,29.768,113.362,529.652,-20.829,-53.761,-32.928,-46.895,0.000,-20.884,12.275,0.000,-42.399,0.909,-19.796,62.408,0.000,0.150,6.826448440551758
H3head_topo23_376_design_00002_0001-aligned_0001.pdb,-478.101,-478.102,0.000,-897.677,196.693,-312.320,1.884,29.244,110.124,548.620,-26.931,-48.696,-25.396,-50.890,0.000,-21.988,17.980,0.000,-38.129,1.787,-2.249,39.073,0.000,0.770,5.528909206390381
